{
    "version": 1,
    "models": {},
    "enums": {},
    "nonModels": {},
    "queries": {
        "translate": {
            "name": "translate",
            "isArray": false,
            "type": "String",
            "isRequired": false,
            "arguments": {
                "sourceLanguage": {
                    "name": "sourceLanguage",
                    "isArray": false,
                    "type": "String",
                    "isRequired": true
                },
                "targetLanguage": {
                    "name": "targetLanguage",
                    "isArray": false,
                    "type": "String",
                    "isRequired": true
                },
                "text": {
                    "name": "text",
                    "isArray": false,
                    "type": "String",
                    "isRequired": true
                }
            }
        }
    }
}